Name,Age,Type
Alice,67,pensionar
Bob,18,vuxen
Charlie,51,vuxen
David,72,pensionar
Emma,59,vuxen
Frank,83,pensionar
Grace,46,vuxen
Hannah,13,barn
Ian,4,barn
Jack,49,vuxen
Kate,21,vuxen
Liam,44,vuxen
Mia,14,barn
Noah,53,vuxen
Olivia,47,vuxen
Paul,5,barn
Quinn,83,pensionar
Ruby,54,vuxen
Sam,89,pensionar
Tom,20,vuxen
Uma,76,pensionar
Victor,82,pensionar
Wendy,61,vuxen
Xavier,53,vuxen
Yara,78,pensionar
Zoe,11,barn
Aaron,42,vuxen
Bella,70,pensionar
Chris,62,vuxen
Daniel,53,vuxen
Eva,79,pensionar
Finn,29,vuxen
George,26,vuxen
Hazel,64,vuxen
Isaac,56,vuxen
Julia,29,vuxen
Kevin,68,pensionar
Leo,16,barn
Maya,40,vuxen
Nathan,4,barn
Oscar,5,barn
Piper,81,pensionar
Quinn,16,barn
Riley,13,barn
Sophia,87,pensionar
Theo,44,vuxen
Ursula,68,pensionar
Violet,14,barn
William,86,pensionar
Xander,52,vuxen
Yasmine,27,vuxen
Zara,51,vuxen
Adam,87,pensionar
Brooke,28,vuxen
Clara,37,vuxen
Dylan,85,pensionar
Ella,68,pensionar
Felix,49,vuxen
Gavin,5,barn
Holly,27,vuxen
Ivan,63,vuxen
Jade,24,vuxen
Kyle,75,pensionar
Lily,46,vuxen
Mason,50,vuxen
Nora,88,pensionar
Owen,88,pensionar
Paige,18,vuxen
Quentin,73,pensionar
Rose,49,vuxen
Stella,23,vuxen
Tyler,73,pensionar
Ulrich,18,vuxen
Vanessa,22,vuxen
Wyatt,88,pensionar
Ximena,12,barn
Yolanda,55,vuxen
Zane,52,vuxen
Amber,47,vuxen
Blake,23,vuxen
Chloe,14,barn
Derek,15,barn
Elise,68,pensionar
Fabian,78,pensionar
Gianna,70,pensionar
Henry,58,vuxen
Isla,49,vuxen
Jonah,39,vuxen
Kira,24,vuxen
Lucas,35,vuxen
Mila,15,barn
Nolan,89,pensionar
Opal,29,vuxen
Peter,88,pensionar
Quinn,11,barn
Raina,50,vuxen
Sean,84,pensionar
Tessa,77,pensionar
Uriel,49,vuxen
Valeria,26,vuxen
Walter,43,vuxen
Xavier,51,vuxen
Yvonne,55,vuxen
Zander,51,vuxen
Aiden,57,vuxen
Brianna,52,vuxen
Caleb,27,vuxen
Diana,77,pensionar
Ethan,65,vuxen
Faith,87,pensionar
Gabriel,83,pensionar
Harper,56,vuxen
Isaiah,29,vuxen
Jasmine,79,pensionar
Kylee,0,barn
Logan,82,pensionar
Madison,31,vuxen
Naomi,2,barn
Orion,31,vuxen
Penelope,44,vuxen
Quentin,57,vuxen
Rowan,20,vuxen
Savannah,63,vuxen
Trevor,36,vuxen
Unity,38,vuxen
Valentina,22,vuxen
Wesley,36,vuxen
Xenia,57,vuxen
Yvette,37,vuxen
Zuri,89,pensionar